periode_data,tanggal,pm_10,pm_duakomalima,so2,co,o3,no2,max,critical,categori,lokasi_spku
202212,44926.625,54,73,56,24,23,24,73,"PM2,5",SEDANG,DKI4
202212,12/30/2022,40,64,57,21,17,24,64,"PM2,5",SEDANG,DKI4
202207,7/6/2022,75,129,45,25,71,26,129,"PM2,5",TIDAK SEHAT,DKI4
202207,7/5/2022,66,110,47,16,61,23,110,"PM2,5",TIDAK SEHAT,DKI4
202207,7/4/2022,56,78,49,11,60,13,78,"PM2,5",SEDANG,DKI4
202207,7/3/2022,78,126,48,17,126,25,126,"PM2,5",TIDAK SEHAT,DKI2
202207,7/2/2022,81,137,47,18,106,29,137,"PM2,5",TIDAK SEHAT,DKI4
202208,8/1/2022,68,109,50,12,91,19,109,"PM2,5",TIDAK SEHAT,DKI4
202208,8/31/2022,85,148,51,25,74,37,148,"PM2,5",TIDAK SEHAT,DKI4
202208,8/30/2022,59,84,50,15,56,29,84,"PM2,5",SEDANG,DKI4
202208,8/29/2022,58,82,49,16,55,29,82,"PM2,5",SEDANG,DKI4
202208,8/28/2022,64,85,49,17,56,30,85,"PM2,5",SEDANG,DKI5
202208,8/27/2022,80,130,50,25,57,37,130,"PM2,5",TIDAK SEHAT,DKI4
202208,8/26/2022,76,119,53,19,53,31,119,"PM2,5",TIDAK SEHAT,DKI4
202208,8/25/2022,64,98,50,12,66,19,98,"PM2,5",SEDANG,DKI4
202208,8/24/2022,71,119,50,15,82,20,119,"PM2,5",TIDAK SEHAT,DKI4
202208,8/23/2022,76,116,49,17,81,27,116,"PM2,5",TIDAK SEHAT,DKI4
202208,8/22/2022,57,78,49,13,79,22,79,O3,SEDANG,DKI2
202208,8/21/2022,59,101,49,13,65,17,101,"PM2,5",TIDAK SEHAT,DKI4
202208,8/20/2022,76,117,50,14,69,18,117,"PM2,5",TIDAK SEHAT,DKI4
202208,8/19/2022,70,105,49,14,66,26,105,"PM2,5",TIDAK SEHAT,DKI4
202208,8/18/2022,64,89,49,25,84,28,89,"PM2,5",SEDANG,DKI4
202208,8/17/2022,55,78,48,17,108,25,108,O3,TIDAK SEHAT,DKI2
202208,8/16/2022,61,89,51,15,181,33,181,O3,TIDAK SEHAT,DKI2
202208,8/15/2022,64,84,50,17,63,28,84,"PM2,5",SEDANG,DKI4
202208,8/14/2022,68,93,50,14,80,20,93,"PM2,5",SEDANG,DKI4
202208,8/13/2022,58,77,48,21,76,36,77,"PM2,5",SEDANG,DKI5
202208,8/12/2022,65,94,49,17,97,25,97,O3,SEDANG,DKI2
202208,8/11/2022,74,107,52,19,80,27,107,"PM2,5",TIDAK SEHAT,DKI4
202208,8/10/2022,73,116,49,19,82,29,116,"PM2,5",TIDAK SEHAT,DKI4
202208,8/9/2022,61,88,50,14,103,21,103,O3,TIDAK SEHAT,DKI2
202208,8/8/2022,60,84,48,18,97,27,97,O3,SEDANG,DKI2
202208,8/7/2022,76,119,50,18,114,29,119,"PM2,5",TIDAK SEHAT,DKI4
202208,8/6/2022,69,101,49,19,87,29,101,"PM2,5",TIDAK SEHAT,DKI4
202208,8/5/2022,60,82,47,17,79,26,82,"PM2,5",SEDANG,DKI4
202208,8/4/2022,69,99,48,15,82,20,99,"PM2,5",SEDANG,DKI4
202208,8/3/2022,82,141,51,19,129,24,141,"PM2,5",TIDAK SEHAT,DKI4
202208,8/2/2022,67,113,50,15,84,28,113,"PM2,5",TIDAK SEHAT,DKI4
202209,9/1/2022,83,130,51,15,42,25,130,"PM2,5",TIDAK SEHAT,DKI4
202209,9/30/2022,71,103,51,14,45,23,103,"PM2,5",TIDAK SEHAT,DKI4
202209,9/29/2022,62,100,51,14,50,21,100,"PM2,5",SEDANG,DKI4
202209,9/28/2022,62,92,51,13,55,24,92,"PM2,5",SEDANG,DKI4
202209,9/27/2022,63,86,51,14,58,26,86,"PM2,5",SEDANG,DKI4
202209,9/26/2022,57,79,51,14,56,26,79,"PM2,5",SEDANG,DKI5
202209,9/25/2022,58,94,50,14,48,25,94,"PM2,5",SEDANG,DKI4
202209,9/24/2022,57,83,50,17,39,33,83,"PM2,5",SEDANG,DKI4
202209,9/23/2022,73,97,50,24,50,45,97,"PM2,5",SEDANG,DKI2
202209,9/22/2022,63,90,50,16,37,24,90,"PM2,5",SEDANG,DKI5
202209,9/21/2022,69,112,50,17,42,32,112,"PM2,5",TIDAK SEHAT,DKI4
202209,9/20/2022,66,110,51,21,37,41,110,"PM2,5",TIDAK SEHAT,DKI4
202209,9/19/2022,70,113,51,17,46,28,113,"PM2,5",TIDAK SEHAT,DKI4
202209,9/18/2022,72,113,51,21,43,33,113,"PM2,5",TIDAK SEHAT,DKI4
202209,9/17/2022,70,103,51,19,49,35,103,"PM2,5",TIDAK SEHAT,DKI4
202209,9/16/2022,62,100,51,18,52,33,100,"PM2,5",SEDANG,DKI4
202209,9/15/2022,78,117,51,26,34,39,117,"PM2,5",TIDAK SEHAT,DKI4
202209,9/14/2022,67,113,53,18,42,38,113,"PM2,5",TIDAK SEHAT,DKI4
202209,9/13/2022,59,81,52,18,45,32,81,"PM2,5",SEDANG,DKI1
202209,9/12/2022,53,79,52,18,35,27,79,"PM2,5",SEDANG,DKI4
202209,9/11/2022,64,88,51,20,37,34,88,"PM2,5",SEDANG,DKI4
202209,9/10/2022,56,72,48,22,41,39,72,"PM2,5",SEDANG,DKI4
202209,9/9/2022,71,91,49,28,32,43,91,"PM2,5",SEDANG,DKI5
202209,9/8/2022,61,87,48,26,32,45,87,"PM2,5",SEDANG,DKI4
202209,9/7/2022,55,79,49,15,38,21,79,"PM2,5",SEDANG,DKI4
202209,9/6/2022,63,86,51,12,43,17,86,"PM2,5",SEDANG,DKI4
202209,9/5/2022,59,105,51,15,45,23,105,"PM2,5",TIDAK SEHAT,DKI4
202209,9/4/2022,42,76,50,9,33,14,76,"PM2,5",SEDANG,DKI4
202209,9/3/2022,64,102,50,18,37,31,102,"PM2,5",TIDAK SEHAT,DKI4
202209,9/2/2022,71,108,51,21,35,32,108,"PM2,5",TIDAK SEHAT,DKI4
202210,10/26/2022,39,43,51,11,27,17,51,SO2,SEDANG,DKI4
202210,10/25/2022,27,53,51,9,30,19,53,"PM2,5",SEDANG,DKI2
202210,10/24/2022,41,57,50,10,31,18,57,"PM2,5",SEDANG,DKI4
202210,10/23/2022,52,66,51,11,45,21,66,"PM2,5",SEDANG,DKI4
202210,10/22/2022,58,82,51,19,39,41,82,"PM2,5",SEDANG,DKI4
202210,10/21/2022,52,67,50,16,31,27,67,"PM2,5",SEDANG,DKI4
202210,10/20/2022,67,88,51,28,47,45,88,"PM2,5",SEDANG,DKI4
202210,10/19/2022,64,92,51,22,42,44,92,"PM2,5",SEDANG,DKI4
202210,10/18/2022,59,79,50,16,45,35,79,"PM2,5",SEDANG,DKI1
202210,10/17/2022,56,85,51,13,54,25,85,"PM2,5",SEDANG,DKI4
202210,10/16/2022,62,93,51,19,52,36,93,"PM2,5",SEDANG,DKI4
202210,10/15/2022,55,78,51,13,58,27,78,"PM2,5",SEDANG,DKI4
202210,10/14/2022,67,94,50,28,47,45,94,"PM2,5",SEDANG,DKI4
202210,10/13/2022,63,91,52,17,54,36,91,"PM2,5",SEDANG,DKI4
202210,10/12/2022,70,97,54,27,44,42,97,"PM2,5",SEDANG,DKI4
202210,10/11/2022,77,126,51,23,59,45,126,"PM2,5",TIDAK SEHAT,DKI4
202210,10/10/2022,54,74,50,14,38,25,74,"PM2,5",SEDANG,DKI4
202210,10/9/2022,58,95,50,24,39,35,95,"PM2,5",SEDANG,DKI4
202210,10/8/2022,35,61,50,17,28,25,61,"PM2,5",SEDANG,DKI5
202210,10/7/2022,51,66,53,17,35,34,66,"PM2,5",SEDANG,DKI1
202210,10/6/2022,61,89,51,20,39,32,89,"PM2,5",SEDANG,DKI4
202210,10/5/2022,51,68,50,22,36,42,68,"PM2,5",SEDANG,DKI4
202210,10/4/2022,67,98,51,15,40,33,98,"PM2,5",SEDANG,DKI4
202210,10/3/2022,56,76,51,18,38,35,76,"PM2,5",SEDANG,DKI5
202210,10/2/2022,54,79,50,12,43,19,79,"PM2,5",SEDANG,DKI4
202210,10/1/2022,80,128,52,14,39,21,128,"PM2,5",TIDAK SEHAT,DKI4
202210,10/27/2022,41,66,51,18,35,27,66,"PM2,5",SEDANG,DKI4
202210,10/28/2022,54,77,51,16,33,32,77,"PM2,5",SEDANG,DKI4
202210,10/29/2022,53,86,51,15,41,29,86,"PM2,5",SEDANG,DKI4
202210,10/30/2022,51,87,51,11,49,19,87,"PM2,5",SEDANG,DKI4
202210,10/31/2022,60,78,51,21,44,22,78,"PM2,5",SEDANG,DKI4
202211,11/1/2022,49,70,51,10,44,21,70,"PM2,5",SEDANG,DKI4
202211,11/2/2022,84,144,51,14,54,34,144,"PM2,5",TIDAK SEHAT,DKI4
202211,11/3/2022,65,89,51,13,49,23,89,"PM2,5",SEDANG,DKI4
202211,11/4/2022,66,95,52,23,49,42,95,"PM2,5",SEDANG,DKI4
202211,11/5/2022,62,81,51,22,55,42,81,"PM2,5",SEDANG,DKI4
202211,11/6/2022,63,90,51,18,38,34,90,"PM2,5",SEDANG,DKI3
202211,11/7/2022,74,104,51,13,48,22,104,"PM2,5",TIDAK SEHAT,DKI4
202211,11/8/2022,66,101,53,30,36,50,101,"PM2,5",TIDAK SEHAT,DKI3
202211,11/9/2022,64,96,51,25,41,47,96,"PM2,5",SEDANG,DKI4
202211,11/10/2022,53,76,51,18,29,30,76,"PM2,5",SEDANG,DKI3
202211,11/11/2022,46,71,51,19,31,25,71,"PM2,5",SEDANG,DKI4
202211,11/12/2022,40,61,51,11,36,18,61,"PM2,5",SEDANG,DKI3
202211,11/13/2022,38,63,51,17,38,27,63,"PM2,5",SEDANG,DKI4
202211,11/14/2022,60,85,51,17,44,28,85,"PM2,5",SEDANG,DKI4
202211,11/15/2022,59,95,51,16,39,33,95,"PM2,5",SEDANG,DKI4
202211,11/16/2022,54,80,52,10,31,22,80,"PM2,5",SEDANG,DKI3
202211,11/17/2022,58,72,52,12,35,25,72,"PM2,5",SEDANG,DKI4
202211,11/18/2022,42,53,53,16,29,27,53,"PM2,5",SEDANG,DKI2
202211,11/19/2022,47,77,56,12,27,24,77,"PM2,5",SEDANG,DKI4
202211,11/20/2022,34,51,51,7,30,12,51,"PM2,5",SEDANG,DKI4
202211,11/21/2022,40,62,51,11,29,19,62,"PM2,5",SEDANG,DKI3
202211,11/22/2022,46,72,51,10,26,15,72,"PM2,5",SEDANG,DKI3
202211,11/23/2022,50,71,52,11,29,23,71,"PM2,5",SEDANG,DKI3
202211,11/24/2022,51,66,52,10,34,24,66,"PM2,5",SEDANG,DKI4
202211,11/25/2022,52,77,52,15,38,26,77,"PM2,5",SEDANG,DKI4
202211,11/26/2022,80,131,51,20,42,45,131,"PM2,5",TIDAK SEHAT,DKI4
202211,11/27/2022,74,112,52,24,37,36,112,"PM2,5",TIDAK SEHAT,DKI4
202211,11/28/2022,59,83,51,14,50,31,83,"PM2,5",SEDANG,DKI4
202211,11/29/2022,53,73,51,22,48,32,73,"PM2,5",SEDANG,DKI4
202211,11/30/2022,65,97,52,13,40,31,97,"PM2,5",SEDANG,DKI4
202212,12/1/2022,64,93,52,17,50,31,93,"PM2,5",SEDANG,DKI4
202212,12/2/2022,60,94,52,18,42,30,94,"PM2,5",SEDANG,DKI4
202212,12/3/2022,60,100,52,16,49,31,100,"PM2,5",SEDANG,DKI4
202212,12/4/2022,65,95,52,19,45,34,95,"PM2,5",SEDANG,DKI4
202212,12/5/2022,74,117,52,19,48,33,117,"PM2,5",TIDAK SEHAT,DKI4
202212,12/6/2022,70,107,49,24,41,44,107,"PM2,5",TIDAK SEHAT,DKI4
202212,12/7/2022,53,88,52,21,37,40,88,"PM2,5",SEDANG,DKI4
202212,12/8/2022,51,85,52,16,47,35,85,"PM2,5",SEDANG,DKI4
202212,12/9/2022,59,94,51,21,31,41,94,"PM2,5",SEDANG,DKI3
202212,12/10/2022,42,72,52,27,29,35,72,"PM2,5",SEDANG,DKI4
202212,12/11/2022,44,72,52,20,31,32,72,"PM2,5",SEDANG,DKI4
202212,12/12/2022,37,62,51,10,32,22,62,"PM2,5",SEDANG,DKI4
202212,12/13/2022,47,71,51,13,28,23,71,"PM2,5",SEDANG,DKI3
202212,12/14/2022,46,71,51,10,30,17,71,"PM2,5",SEDANG,DKI3
202212,12/15/2022,28,60,52,10,29,23,60,"PM2,5",SEDANG,DKI4
202212,12/16/2022,56,83,52,12,28,30,83,"PM2,5",SEDANG,DKI4
202212,12/17/2022,65,98,52,30,38,45,98,"PM2,5",SEDANG,DKI4
202212,12/18/2022,64,96,52,26,46,45,96,"PM2,5",SEDANG,DKI4
202212,12/19/2022,64,99,57,28,39,48,99,"PM2,5",SEDANG,DKI4
202212,12/20/2022,85,154,54,23,29,47,154,"PM2,5",TIDAK SEHAT,DKI4
202212,12/21/2022,57,86,62,45,27,32,86,"PM2,5",SEDANG,DKI3
202212,12/22/2022,49,65,59,49,23,24,65,"PM2,5",SEDANG,DKI4
202212,12/23/2022,31,40,57,38,24,18,57,SO2,SEDANG,DKI2
202212,12/24/2022,58,92,57,55,26,24,92,"PM2,5",SEDANG,DKI3
202212,12/25/2022,42,56,57,45,25,18,57,SO2,SEDANG,DKI2
202212,12/26/2022,43,62,58,54,25,27,62,"PM2,5",SEDANG,DKI2
202212,12/27/2022,36,47,58,42,20,18,58,SO2,SEDANG,DKI2
202212,12/28/2022,46,66,57,41,15,19,66,"PM2,5",SEDANG,DKI3
202212,12/29/2022,23,50,57,12,16,15,57,SO2,SEDANG,DKI2
202201,1/11/2022,46,60,53,12,37,28,60,"PM2,5",SEDANG,DKI3
202201,1/10/2022,60,87,51,13,36,26,87,"PM2,5",SEDANG,DKI3
202201,1/9/2022,56,82,52,14,39,27,82,"PM2,5",SEDANG,DKI3
202201,1/8/2022,55,77,52,17,41,29,77,"PM2,5",SEDANG,DKI4
202201,1/7/2022,71,113,48,22,38,41,113,"PM2,5",TIDAK SEHAT,DKI4
202201,1/6/2022,73,117,53,16,48,42,117,"PM2,5",TIDAK SEHAT,DKI4
202201,1/5/2022,95,165,53,18,55,32,165,"PM2,5",TIDAK SEHAT,DKI4
202201,1/4/2022,59,102,51,14,51,26,102,"PM2,5",TIDAK SEHAT,DKI4
202201,1/3/2022,49,80,49,13,37,21,80,"PM2,5",SEDANG,DKI4
202201,1/2/2022,40,70,45,10,36,11,70,"PM2,5",SEDANG,DKI4
202202,2/1/2020,64,89,52,13,76,21,89,"PM2,5",SEDANG,DKI3
202202,2/28/2020,27,50,40,12,30,11,50,"PM2,5",BAIK,DKI5
202202,2/27/2020,31,51,39,14,30,12,51,"PM2,5",SEDANG,DKI4
202202,2/26/2020,40,60,39,15,28,16,60,"PM2,5",SEDANG,DKI4
202202,2/25/2020,50,59,40,15,28,17,59,"PM2,5",SEDANG,DKI3
202202,2/24/2020,45,71,41,14,38,21,71,"PM2,5",SEDANG,DKI4
202202,2/23/2020,55,87,49,16,43,38,87,"PM2,5",SEDANG,DKI4
202202,2/22/2020,54,92,42,13,56,35,92,"PM2,5",SEDANG,DKI4
202202,2/21/2020,54,86,41,21,50,35,86,"PM2,5",SEDANG,DKI5
202202,2/20/2020,70,115,47,26,62,36,115,"PM2,5",TIDAK SEHAT,DKI4
202202,2/19/2020,67,108,44,23,69,37,108,"PM2,5",TIDAK SEHAT,DKI4
202202,2/18/2020,65,118,47,18,67,30,118,"PM2,5",TIDAK SEHAT,DKI4
202202,2/17/2020,53,74,45,19,86,29,86,O3,SEDANG,DKI2
202202,2/16/2020,66,110,48,24,62,33,110,"PM2,5",TIDAK SEHAT,DKI5
202202,2/15/2020,74,119,52,33,61,38,119,"PM2,5",TIDAK SEHAT,DKI3
202202,2/14/2020,66,109,51,29,49,39,109,"PM2,5",TIDAK SEHAT,DKI4
202202,2/13/2020,70,98,41,19,55,29,98,"PM2,5",SEDANG,DKI3
202202,2/12/2020,52,68,42,14,55,29,68,"PM2,5",SEDANG,DKI5
202202,2/11/2020,62,95,48,20,48,33,95,"PM2,5",SEDANG,DKI5
202202,2/10/2020,24,47,41,12,49,23,49,O3,BAIK,DKI2
202201,1/1/2022,57,85,48,13,34,18,85,"PM2,5",SEDANG,DKI4
202201,1/31/2022,72,119,58,44,53,44,119,"PM2,5",TIDAK SEHAT,DKI4
202201,1/30/2022,75,129,53,25,59,50,129,"PM2,5",TIDAK SEHAT,DKI4
202201,1/29/2022,65,120,52,30,52,46,120,"PM2,5",TIDAK SEHAT,DKI4
202201,1/28/2022,63,84,52,12,60,28,84,"PM2,5",SEDANG,DKI3
202201,1/27/2022,58,75,47,14,48,25,75,"PM2,5",SEDANG,DKI3
202201,1/26/2022,38,56,45,14,57,24,57,O3,SEDANG,DKI2
202201,1/25/2022,41,58,46,9,51,19,58,"PM2,5",SEDANG,DKI3
202201,1/24/2022,57,74,48,11,58,18,74,"PM2,5",SEDANG,DKI3
202201,1/23/2022,57,73,50,11,35,15,73,"PM2,5",SEDANG,DKI3
202201,1/22/2022,52,73,51,12,39,20,73,"PM2,5",SEDANG,DKI4
202201,1/21/2022,40,57,51,15,51,23,57,"PM2,5",SEDANG,DKI3
202201,1/20/2022,40,57,55,14,68,24,68,O3,SEDANG,DKI2
202201,1/19/2022,45,61,45,15,69,22,69,O3,SEDANG,DKI2
202201,1/18/2022,54,67,47,14,59,33,67,"PM2,5",SEDANG,DKI4
202201,1/17/2022,67,93,44,19,63,28,93,"PM2,5",SEDANG,DKI4
202201,1/16/2022,67,102,47,20,65,32,102,"PM2,5",TIDAK SEHAT,DKI5
202201,1/15/2022,55,69,51,15,68,29,69,"PM2,5",SEDANG,DKI3
202201,1/14/2022,46,63,48,15,63,32,63,"PM2,5",SEDANG,DKI2
202201,1/13/2022,38,62,52,15,63,32,63,O3,SEDANG,DKI2
202201,1/12/2022,46,59,51,15,38,29,59,"PM2,5",SEDANG,DKI4
202202,2/9/2020,64,101,39,36,55,45,101,"PM2,5",TIDAK SEHAT,DKI4
202204,4/28/2022,42,83,41,12,59,20,83,"PM2,5",SEDANG,DKI4
202204,4/27/2022,47,91,44,13,45,26,91,"PM2,5",SEDANG,DKI4
202204,4/26/2022,59,82,41,13,70,29,82,"PM2,5",SEDANG,DKI4
202204,4/25/2022,60,118,44,14,99,28,118,"PM2,5",TIDAK SEHAT,DKI4
202204,4/24/2022,63,114,41,24,82,30,114,"PM2,5",TIDAK SEHAT,DKI4
202204,4/23/2022,60,108,42,30,52,43,108,"PM2,5",TIDAK SEHAT,DKI4
202204,4/22/2022,83,128,49,25,52,42,128,"PM2,5",TIDAK SEHAT,DKI4
202204,4/21/2022,46,56,41,15,43,24,56,"PM2,5",SEDANG,DKI5
202204,4/20/2022,61,105,42,18,69,34,105,"PM2,5",TIDAK SEHAT,DKI4
202204,4/19/2022,52,78,41,13,84,29,84,O3,SEDANG,DKI2
202204,4/18/2022,73,135,40,13,88,14,135,"PM2,5",TIDAK SEHAT,DKI4
202202,2/8/2020,58,109,39,18,60,31,109,"PM2,5",TIDAK SEHAT,DKI4
202202,2/7/2020,40,60,48,13,67,22,67,O3,SEDANG,DKI2
202202,2/6/2020,39,51,58,15,57,21,58,SO2,SEDANG,DKI1
202202,2/5/2020,43,62,53,18,55,30,62,"PM2,5",SEDANG,DKI5
202202,2/4/2020,54,72,46,12,68,27,72,"PM2,5",SEDANG,DKI3
202202,2/3/2020,58,99,48,20,65,33,99,"PM2,5",SEDANG,DKI4
202202,2/2/2020,66,101,47,22,64,26,101,"PM2,5",TIDAK SEHAT,DKI4
202203,3/1/2022,27,50,44,11,17,12,50,"PM2,5",BAIK,DKI5
202203,3/31/2022,95,160,49,34,137,34,160,"PM2,5",TIDAK SEHAT,DKI4
202203,3/30/2022,75,119,42,20,109,35,119,"PM2,5",TIDAK SEHAT,DKI4
202203,3/29/2022,61,117,44,17,52,31,117,"PM2,5",TIDAK SEHAT,DKI4
202203,3/28/2022,49,62,40,12,59,28,62,"PM2,5",SEDANG,DKI5
202203,3/27/2022,84,126,46,49,42,51,126,"PM2,5",TIDAK SEHAT,DKI5
202203,3/26/2022,67,92,43,17,49,29,92,"PM2,5",SEDANG,DKI4
202203,3/25/2022,90,122,51,19,70,29,122,"PM2,5",TIDAK SEHAT,DKI5
202203,3/24/2022,43,65,43,15,40,22,65,"PM2,5",SEDANG,DKI4
202203,3/23/2022,46,61,41,16,34,19,61,"PM2,5",SEDANG,DKI5
202203,3/22/2022,50,63,38,12,35,17,63,"PM2,5",SEDANG,DKI3
202203,3/21/2022,38,53,38,10,34,8,53,"PM2,5",SEDANG,DKI4
202203,3/20/2022,55,71,39,13,34,14,71,"PM2,5",SEDANG,DKI4
202203,3/19/2022,46,73,40,15,48,20,73,"PM2,5",SEDANG,DKI4
202203,3/18/2022,67,111,40,23,69,32,111,"PM2,5",TIDAK SEHAT,DKI4
202203,3/17/2022,77,141,40,23,77,28,141,"PM2,5",TIDAK SEHAT,DKI4
202203,3/16/2022,51,76,41,21,53,25,76,"PM2,5",SEDANG,DKI4
202203,3/15/2022,56,97,41,22,54,28,97,"PM2,5",SEDANG,DKI4
202203,3/14/2022,60,109,39,25,80,31,109,"PM2,5",TIDAK SEHAT,DKI4
202203,3/13/2022,46,65,43,18,36,20,65,"PM2,5",SEDANG,DKI5
202203,3/12/2022,50,59,39,13,41,21,59,"PM2,5",SEDANG,DKI4
202203,3/11/2022,77,107,46,23,52,52,107,"PM2,5",TIDAK SEHAT,DKI4
202203,3/10/2022,60,112,42,24,79,40,112,"PM2,5",TIDAK SEHAT,DKI4
202203,3/9/2022,50,75,40,20,58,28,75,"PM2,5",SEDANG,DKI4
202203,3/8/2022,55,102,40,15,45,25,102,"PM2,5",TIDAK SEHAT,DKI4
202203,3/7/2022,29,53,37,13,37,13,53,"PM2,5",SEDANG,DKI4
202203,3/6/2022,53,90,38,21,28,18,90,"PM2,5",SEDANG,DKI4
202203,3/5/2022,48,68,40,17,36,22,68,"PM2,5",SEDANG,DKI4
202203,3/4/2022,32,53,41,13,45,20,53,"PM2,5",SEDANG,DKI4
202203,3/3/2022,30,55,43,12,35,18,55,"PM2,5",SEDANG,DKI4
202203,3/2/2022,32,51,46,15,24,15,51,"PM2,5",SEDANG,DKI2
202204,4/1/2022,74,114,47,19,76,38,114,"PM2,5",TIDAK SEHAT,DKI4
202204,4/30/2022,39,53,38,16,17,6,53,"PM2,5",SEDANG,DKI2
202204,4/29/2022,35,60,40,10,46,16,60,"PM2,5",SEDANG,DKI4
202205,5/17/2022,66,128,42,22,77,31,128,"PM2,5",TIDAK SEHAT,DKI4
202205,5/16/2022,58,100,42,22,81,31,100,"PM2,5",SEDANG,DKI4
202205,5/15/2022,77,126,42,19,87,23,126,"PM2,5",TIDAK SEHAT,DKI4
202205,5/14/2022,57,101,44,14,72,30,101,"PM2,5",TIDAK SEHAT,DKI4
202205,5/13/2022,34,55,44,8,65,20,65,O3,SEDANG,DKI2
202205,5/12/2022,61,85,54,13,63,25,85,"PM2,5",SEDANG,DKI3
202205,5/11/2022,54,75,41,12,81,26,81,O3,SEDANG,DKI2
202205,5/10/2022,54,86,50,17,74,28,86,"PM2,5",SEDANG,DKI4
202205,5/9/2022,58,95,44,12,73,24,95,"PM2,5",SEDANG,DKI4
202205,5/8/2022,63,98,42,19,76,21,98,"PM2,5",SEDANG,DKI4
202205,5/7/2022,56,92,41,12,82,13,92,"PM2,5",SEDANG,DKI4
202205,5/6/2022,39,73,42,10,58,12,73,"PM2,5",SEDANG,DKI4
202205,5/5/2022,53,102,41,13,72,20,102,"PM2,5",TIDAK SEHAT,DKI4
202205,5/4/2022,51,85,41,11,77,18,85,"PM2,5",SEDANG,DKI4
202205,5/3/2022,36,58,40,13,58,23,58,"PM2,5",SEDANG,DKI2
202205,5/2/2022,58,90,41,16,82,17,90,"PM2,5",SEDANG,DKI4
202206,6/1/2022,53,77,43,18,55,27,77,"PM2,5",SEDANG,DKI5
202206,6/30/2022,68,117,48,13,84,26,117,"PM2,5",TIDAK SEHAT,DKI4
202206,6/29/2022,59,79,46,14,72,32,79,"PM2,5",SEDANG,DKI4
202206,6/28/2022,57,82,46,16,82,29,82,"PM2,5",SEDANG,DKI2
202206,6/27/2022,74,102,45,22,76,33,102,"PM2,5",TIDAK SEHAT,DKI4
202204,4/17/2022,76,148,52,21,93,24,148,"PM2,5",TIDAK SEHAT,DKI4
202204,4/16/2022,63,119,46,16,91,21,119,"PM2,5",TIDAK SEHAT,DKI4
202204,4/15/2022,61,102,41,15,81,28,102,"PM2,5",TIDAK SEHAT,DKI4
202204,4/14/2022,66,104,44,14,111,25,111,O3,TIDAK SEHAT,DKI2
202204,4/13/2022,78,116,42,21,118,40,118,O3,TIDAK SEHAT,DKI2
202204,4/12/2022,71,107,52,22,78,43,107,"PM2,5",TIDAK SEHAT,DKI4
202204,4/11/2022,63,98,44,17,95,31,98,"PM2,5",SEDANG,DKI4
202204,4/10/2022,82,164,46,27,80,38,164,"PM2,5",TIDAK SEHAT,DKI4
202204,4/9/2022,50,76,42,21,59,28,76,"PM2,5",SEDANG,DKI4
202204,4/8/2022,52,81,40,17,50,29,81,"PM2,5",SEDANG,DKI4
202204,4/7/2022,58,90,42,22,62,35,90,"PM2,5",SEDANG,DKI4
202204,4/6/2022,54,87,40,20,57,32,87,"PM2,5",SEDANG,DKI4
202204,4/5/2022,73,92,53,19,73,43,92,"PM2,5",SEDANG,DKI4
202204,4/4/2022,49,71,43,23,69,27,71,"PM2,5",SEDANG,DKI4
202204,4/3/2022,51,74,39,14,40,17,74,"PM2,5",SEDANG,DKI4
202204,4/2/2022,61,99,42,18,70,28,99,"PM2,5",SEDANG,DKI4
202205,5/1/2022,66,126,48,24,61,26,126,"PM2,5",TIDAK SEHAT,DKI4
202205,5/31/2022,63,100,44,44,59,44,100,null,SEDANG,0
202205,5/30/2022,51,89,45,17,58,31,89,"PM2,5",SEDANG,DKI4
202205,5/29/2022,64,107,43,23,65,40,107,"PM2,5",TIDAK SEHAT,DKI4
202205,5/28/2022,57,105,43,17,82,33,105,"PM2,5",TIDAK SEHAT,DKI3
202205,5/27/2022,79,146,52,25,76,35,146,"PM2,5",TIDAK SEHAT,DKI4
202205,5/26/2022,57,93,45,15,52,26,93,"PM2,5",SEDANG,DKI4
202205,5/25/2022,74,121,48,16,58,27,121,"PM2,5",TIDAK SEHAT,DKI4
202205,5/24/2022,58,98,46,11,54,21,98,"PM2,5",SEDANG,DKI4
202205,5/23/2022,68,123,47,17,53,24,123,"PM2,5",TIDAK SEHAT,DKI4
202205,5/22/2022,58,110,44,17,55,25,110,"PM2,5",TIDAK SEHAT,DKI4
202205,5/21/2022,58,82,44,20,58,32,82,"PM2,5",SEDANG,DKI4
202205,5/20/2022,70,128,43,24,71,43,128,"PM2,5",TIDAK SEHAT,DKI4
202205,5/19/2022,75,136,43,28,64,46,136,"PM2,5",TIDAK SEHAT,DKI4
202205,5/18/2022,62,99,42,15,89,24,99,"PM2,5",SEDANG,DKI4
202206,6/26/2022,68,106,45,22,69,36,106,"PM2,5",TIDAK SEHAT,DKI4
202206,6/25/2022,82,131,46,23,60,31,131,"PM2,5",TIDAK SEHAT,DKI4
202206,6/24/2022,85,123,46,22,77,38,123,"PM2,5",TIDAK SEHAT,DKI4
202206,6/23/2022,82,119,46,19,68,32,119,"PM2,5",TIDAK SEHAT,DKI4
202206,6/22/2022,71,123,47,17,72,27,123,"PM2,5",TIDAK SEHAT,DKI4
202206,6/21/2022,79,114,47,18,70,32,114,"PM2,5",TIDAK SEHAT,DKI4
202206,6/20/2022,78,131,45,17,99,27,131,"PM2,5",TIDAK SEHAT,DKI4
202206,6/19/2022,73,118,47,23,82,37,118,"PM2,5",TIDAK SEHAT,DKI4
202206,6/18/2022,75,117,45,30,58,42,117,"PM2,5",TIDAK SEHAT,DKI4
202206,6/17/2022,85,130,45,25,50,37,130,"PM2,5",TIDAK SEHAT,DKI4
202206,6/16/2022,79,146,46,32,50,45,146,"PM2,5",TIDAK SEHAT,DKI4
202206,6/15/2022,80,141,45,25,44,43,141,"PM2,5",TIDAK SEHAT,DKI4
202206,6/14/2022,75,112,49,27,52,50,112,"PM2,5",TIDAK SEHAT,DKI4
202206,6/13/2022,61,97,46,22,71,38,97,"PM2,5",SEDANG,DKI4
202206,6/12/2022,61,112,45,22,71,33,112,"PM2,5",TIDAK SEHAT,DKI4
202206,6/11/2022,58,92,45,15,67,28,92,"PM2,5",SEDANG,DKI4
202206,6/10/2022,56,82,44,26,49,36,82,"PM2,5",SEDANG,DKI4
202206,6/9/2022,65,97,51,27,34,46,97,"PM2,5",SEDANG,DKI4
202206,6/8/2022,65,110,44,18,54,25,110,"PM2,5",TIDAK SEHAT,DKI4
202206,6/7/2022,61,76,44,18,50,32,76,"PM2,5",SEDANG,DKI4
202206,6/6/2022,64,111,44,21,62,35,111,"PM2,5",TIDAK SEHAT,DKI4
202206,6/5/2022,62,116,45,15,87,27,116,"PM2,5",TIDAK SEHAT,DKI4
202206,6/4/2022,78,136,44,26,92,51,136,"PM2,5",TIDAK SEHAT,DKI4
202206,6/3/2022,51,68,44,20,72,36,72,O3,SEDANG,DKI2
202206,6/2/2022,56,100,44,15,76,33,100,"PM2,5",SEDANG,DKI4
202207,7/1/2022,73,111,49,15,87,31,111,"PM2,5",TIDAK SEHAT,DKI4
202207,7/31/2022,80,143,49,17,115,27,143,"PM2,5",TIDAK SEHAT,DKI4
202207,7/30/2022,66,118,49,15,95,22,118,"PM2,5",TIDAK SEHAT,DKI4
202207,7/29/2022,74,123,50,12,86,22,123,"PM2,5",TIDAK SEHAT,DKI4
202207,7/28/2022,82,132,50,16,90,30,132,"PM2,5",TIDAK SEHAT,DKI4
202207,7/27/2022,70,116,50,14,118,24,118,O3,TIDAK SEHAT,DKI2
202207,7/26/2022,67,110,49,16,85,20,110,"PM2,5",TIDAK SEHAT,DKI4
202207,7/25/2022,56,87,46,16,91,24,91,O3,SEDANG,DKI2
202207,7/24/2022,54,82,47,14,94,21,94,O3,SEDANG,DKI2
202207,7/23/2022,61,99,50,14,67,19,99,"PM2,5",SEDANG,DKI4
202207,7/22/2022,74,121,50,17,96,25,121,"PM2,5",TIDAK SEHAT,DKI4
202207,7/21/2022,75,110,50,15,114,28,114,O3,TIDAK SEHAT,DKI2
202207,7/20/2022,76,124,49,18,94,26,124,"PM2,5",TIDAK SEHAT,DKI4
202207,7/19/2022,75,114,50,15,98,25,114,"PM2,5",TIDAK SEHAT,DKI4
202207,7/18/2022,75,143,48,30,84,36,143,"PM2,5",TIDAK SEHAT,DKI4
202207,7/17/2022,59,89,48,28,51,36,89,"PM2,5",SEDANG,DKI4
202207,7/16/2022,36,59,46,15,48,31,59,"PM2,5",SEDANG,DKI4
202207,7/15/2022,58,86,49,12,65,18,86,"PM2,5",SEDANG,DKI4
202207,7/14/2022,85,125,47,25,57,33,125,"PM2,5",TIDAK SEHAT,DKI4
202207,7/13/2022,69,114,48,16,65,29,114,"PM2,5",TIDAK SEHAT,DKI4
202207,7/12/2022,77,123,49,17,84,28,123,"PM2,5",TIDAK SEHAT,DKI4
202207,7/11/2022,66,112,47,15,84,29,112,"PM2,5",TIDAK SEHAT,DKI4
202207,7/10/2022,63,93,47,13,84,19,93,"PM2,5",SEDANG,DKI4
202207,7/9/2022,61,93,48,13,107,25,107,O3,TIDAK SEHAT,DKI2
202207,7/8/2022,55,80,48,17,95,25,95,O3,SEDANG,DKI2
202207,7/7/2022,94,135,46,29,74,44,135,"PM2,5",TIDAK SEHAT,DKI3
